{"content_sidebar":{"text-2":{"title":"","text":"<h5>About the Author<\/h5>\r\n<p>Mark Johnson is a writer and editor specializing in health and food related industries. Duis aute irure dolor in reprheners in voluptate.<\/p>\r\n <br>\r\n<h5>Book Details<\/h5>\r\n<p>Publisher: Harper (January 17, 2017)<br>\r\nFormat: EPUB<br>\r\nProtection: DRM<br>\r\nLanguage: English<br>\r\nType: Cooking<\/p>\r\n<br>\r\n<a href=\"#\" class=\"button border\">VIEW SIMILAR BOOKS<\/a>","filter":false},"one_cta_banner-1":{"banner":"309","banner_caption":"Join our\r\nnext book\r\nclub meeting","btn_label":"SIGN UP","btn_link":"#","banner_height":"460","text_spacing":"124","target_blank":false}},"blog_sidebar":{"one_footer_logo-1":{"logo":"","title":"Lorem ipsum sitame an ullamcs uisaue velitesse.","description":"Lorem ipsum dolor sit amet donec est eget sunt consectetuer maecenas am mauris sit semper nibh vestibulum vel morbi purus aliquam."},"search-3":{"title":""},"recent-posts-3":{"title":"Latest Posts","number":3,"show_date":true},"calendar-1":{"title":""},"categories-3":{"title":"Post Categories","count":0,"hierarchical":0,"dropdown":0},"one_footer_address-1":{"title":"Get in Touch","description":"8901 Marmora Road, Glasgow,\r\nGlasgow 89GR\r\nEmail: mail@demolink.org\r\nPhone 1: (800) 0123 - 456 - 7890","display_icons":true,"icon_color":false,"icon_hover_color":"","icon_default_color":""}},"footer":{"one_footer_logo-2":{"logo":"","title":"Lorem ipsum sitame an ullamcs uisaue velitesse.","description":"Lorem ipsum dolor sit amet donec est eget sunt consectetuer maecenas am mauris sit semper nibh vestibulum vel morbi purus aliquam."},"recent-posts-4":{"title":"Upcoming Book Clubs","number":2,"show_date":true},"one_footer_address-2":{"title":"Get in Touch","description":"8901 Marmora Road, Glasgow,\r\nGlasgow 89GR\r\nEmail: mail@demolink.org\r\nPhone 1: (800) 0123 - 456 - 7890","display_icons":true,"icon_color":false,"icon_hover_color":"","icon_default_color":""}}}